# item_id	quantity	price_in_kinah	section	unlock_level	description
169220048	5	25000	dyes	1	Change the color of your favorite outfit.
169220046	5	25000	dyes	1	Change the color of your favorite outfit.
169220042	5	25000	dyes	1	Change the color of your favorite outfit.
169220043	5	25000	dyes	1	Change the color of your favorite outfit.
169220047	5	25000	dyes	1	Change the color of your favorite outfit.
169220045	5	25000	dyes	1	Change the color of your favorite outfit.
169220044	5	25000	dyes	1	Change the color of your favorite outfit.
169220041	5	25000	dyes	1	Change the color of your favorite outfit.
169220010	5	25000	dyes	1	Change the color of your favorite outfit.
169220008	5	25000	dyes	1	Change the color of your favorite outfit.
169220004	5	25000	dyes	1	Change the color of your favorite outfit.
169220006	5	25000	dyes	1	Change the color of your favorite outfit.
169220007	5	25000	dyes	1	Change the color of your favorite outfit.
169220009	5	25000	dyes	1	Change the color of your favorite outfit.
169220019	5	25000	dyes	1	Change the color of your favorite outfit.
169220017	5	25000	dyes	1	Change the color of your favorite outfit.
169220013	5	25000	dyes	1	Change the color of your favorite outfit.
169220015	5	25000	dyes	1	Change the color of your favorite outfit.
169220014	5	25000	dyes	1	Change the color of your favorite outfit.
169220016	5	25000	dyes	1	Change the color of your favorite outfit.
169220018	5	25000	dyes	1	Change the color of your favorite outfit.
169220005	5	25000	dyes	1	Change the color of your favorite outfit.
169220012	5	25000	dyes	1	Change the color of your favorite outfit.
169220011	5	25000	dyes	1	Change the color of your favorite outfit.
169220003	5	25000	dyes	1	Change the color of your favorite outfit.
169220040	5	25000	dyes	1	Change the color of your favorite outfit.
169220001	5	25000	dyes	1	Change the color of your favorite outfit.
169220002	5	25000	dyes	1	Change the color of your favorite outfit.
169600190	1	90000	emotes	1	Learn a new expression or dance.
169600189	1	90000	emotes	1	Learn a new expression or dance.
169600191	1	90000	emotes	1	Learn a new expression or dance.
169600188	1	90000	emotes	1	Learn a new expression or dance.
169600192	1	90000	emotes	1	Learn a new expression or dance.
169600068	1	90000	emotes	1	Learn a new expression or dance.
169600069	1	90000	emotes	1	Learn a new expression or dance.
169600070	1	90000	emotes	1	Learn a new expression or dance.
169600089	1	90000	emotes	1	Learn a new expression or dance.
169600001	1	90000	emotes	1	Learn a new expression or dance.
169600087	1	90000	emotes	1	Learn a new expression or dance.
169600088	1	90000	emotes	1	Learn a new expression or dance.
169600003	1	90000	emotes	1	Learn a new expression or dance.
169600090	1	90000	emotes	1	Learn a new expression or dance.
169600011	1	90000	emotes	1	Learn a new expression or dance.
169600002	1	90000	emotes	1	Learn a new expression or dance.
169600072	1	90000	emotes	1	Learn a new expression or dance.
169600091	1	90000	emotes	1	Learn a new expression or dance.
169600004	1	90000	emotes	1	Learn a new expression or dance.
169600086	1	90000	emotes	1	Learn a new expression or dance.
169600071	1	90000	emotes	1	Learn a new expression or dance.
169600197	1	90000	emotes	1	Learn a new expression or dance.
169600041	1	90000	emotes	1	Learn a new expression or dance.
169600057	1	90000	emotes	1	Learn a new expression or dance.
169600036	1	90000	emotes	1	Learn a new expression or dance.
169600195	1	90000	emotes	1	Learn a new expression or dance.
169600039	1	90000	emotes	1	Learn a new expression or dance.
169600202	1	90000	emotes	1	Learn a new expression or dance.
169600103	1	90000	emotes	1	Learn a new expression or dance.
169600047	1	90000	emotes	1	Learn a new expression or dance.
169600048	1	90000	emotes	1	Learn a new expression or dance.
169600049	1	90000	emotes	1	Learn a new expression or dance.
169600050	1	90000	emotes	1	Learn a new expression or dance.
169600051	1	90000	emotes	1	Learn a new expression or dance.
169600052	1	90000	emotes	1	Learn a new expression or dance.
169600053	1	90000	emotes	1	Learn a new expression or dance.
169600054	1	90000	emotes	1	Learn a new expression or dance.
169600055	1	90000	emotes	1	Learn a new expression or dance.
169600056	1	90000	emotes	1	Learn a new expression or dance.
169600045	1	90000	emotes	1	Learn a new expression or dance.
169600046	1	90000	emotes	1	Learn a new expression or dance.
169600102	1	90000	emotes	1	Learn a new expression or dance.
169600021	1	90000	emotes	1	Learn a new expression or dance.
169600023	1	90000	emotes	1	Learn a new expression or dance.
169600040	1	90000	emotes	1	Learn a new expression or dance.
169600035	1	90000	emotes	1	Learn a new expression or dance.
169600024	1	90000	emotes	1	Learn a new expression or dance.
169600201	1	90000	emotes	1	Learn a new expression or dance.
169600037	1	90000	emotes	1	Learn a new expression or dance.
169600044	1	90000	emotes	1	Learn a new expression or dance.
169600196	1	90000	emotes	1	Learn a new expression or dance.
169600060	1	90000	emotes	1	Learn a new expression or dance.
169600063	1	90000	emotes	1	Learn a new expression or dance.
169600064	1	90000	emotes	1	Learn a new expression or dance.
169600030	1	90000	emotes	1	Learn a new expression or dance.
169600067	1	90000	emotes	1	Learn a new expression or dance.
169600043	1	90000	emotes	1	Learn a new expression or dance.
169600038	1	90000	emotes	1	Learn a new expression or dance.
169600042	1	90000	emotes	1	Learn a new expression or dance.
169600062	1	90000	emotes	1	Learn a new expression or dance.
169600101	1	90000	emotes	1	Learn a new expression or dance.
169600022	1	90000	emotes	1	Learn a new expression or dance.
169600065	1	90000	emotes	1	Learn a new expression or dance.
169600186	1	90000	emotes	1	Learn a new expression or dance.
169600187	1	90000	emotes	1	Learn a new expression or dance.
169600194	1	90000	emotes	1	Learn a new expression or dance.
169600206	1	90000	emotes	1	Learn a new expression or dance.
169600217	1	90000	emotes	1	Learn a new expression or dance.
169600031	1	90000	emotes	1	Learn a new expression or dance.
169600219	1	90000	emotes	1	Learn a new expression or dance.
169600193	1	90000	emotes	1	Learn a new expression or dance.
169600058	1	90000	emotes	1	Learn a new expression or dance.
169600200	1	90000	emotes	1	Learn a new expression or dance.
169600218	1	90000	emotes	1	Learn a new expression or dance.
169600025	1	90000	emotes	1	Learn a new expression or dance.
169600084	1	90000	emotes	1	Learn a new expression or dance.
169600029	1	90000	emotes	1	Learn a new expression or dance.
169600034	1	90000	emotes	1	Learn a new expression or dance.
169600059	1	90000	emotes	1	Learn a new expression or dance.
169600061	1	90000	emotes	1	Learn a new expression or dance.
169600083	1	90000	emotes	1	Learn a new expression or dance.
169600027	1	90000	emotes	1	Learn a new expression or dance.
169600032	1	90000	emotes	1	Learn a new expression or dance.
169600066	1	90000	emotes	1	Learn a new expression or dance.
169600026	1	90000	emotes	1	Learn a new expression or dance.
169600085	1	90000	emotes	1	Learn a new expression or dance.
169600028	1	90000	emotes	1	Learn a new expression or dance.
169600033	1	90000	emotes	1	Learn a new expression or dance.
160010410	5	12000	food	40	A useful meal for an adventurer.
160010409	5	12000	food	40	A useful meal for an adventurer.
160003004	5	12000	food	10	A useful meal for an adventurer.
160003524	5	12000	food	20	A useful meal for an adventurer.
160003529	5	12000	food	20	A useful meal for an adventurer.
160003530	5	12000	food	20	A useful meal for an adventurer.
160003526	5	12000	food	20	A useful meal for an adventurer.
160003525	5	12000	food	20	A useful meal for an adventurer.
160003509	5	12000	food	10	A useful meal for an adventurer.
160003523	5	12000	food	20	A useful meal for an adventurer.
160003503	5	12000	food	10	A useful meal for an adventurer.
160003013	5	12000	food	20	A useful meal for an adventurer.
160003513	5	12000	food	20	A useful meal for an adventurer.
160003003	5	12000	food	10	A useful meal for an adventurer.
160010325	5	12000	food	40	A useful meal for an adventurer.
160010326	5	12000	food	40	A useful meal for an adventurer.
160010274	5	12000	food	40	A useful meal for an adventurer.
160010276	5	12000	food	40	A useful meal for an adventurer.
160010321	5	12000	food	40	A useful meal for an adventurer.
160010322	5	12000	food	40	A useful meal for an adventurer.
160010107	5	12000	food	50	A useful meal for an adventurer.
160010108	5	12000	food	50	A useful meal for an adventurer.
160010303	5	12000	food	40	A useful meal for an adventurer.
160010304	5	12000	food	40	A useful meal for an adventurer.
160010315	5	12000	food	40	A useful meal for an adventurer.
160010316	5	12000	food	40	A useful meal for an adventurer.
160010309	5	12000	food	40	A useful meal for an adventurer.
160010310	5	12000	food	40	A useful meal for an adventurer.
160010204	5	12000	food	40	A useful meal for an adventurer.
160010206	5	12000	food	40	A useful meal for an adventurer.
160010408	5	12000	food	40	A useful meal for an adventurer.
160010407	5	12000	food	40	A useful meal for an adventurer.
160010109	5	12000	food	50	A useful meal for an adventurer.
160010110	5	12000	food	50	A useful meal for an adventurer.
160003562	5	12000	food	60	A useful meal for an adventurer.
160003556	5	12000	food	60	A useful meal for an adventurer.
160003559	5	12000	food	30	A useful meal for an adventurer.
160003527	5	12000	food	20	A useful meal for an adventurer.
160003517	5	12000	food	20	A useful meal for an adventurer.
160003507	5	12000	food	10	A useful meal for an adventurer.
160003007	5	12000	food	10	A useful meal for an adventurer.
160003017	5	12000	food	20	A useful meal for an adventurer.
160010105	5	12000	food	50	A useful meal for an adventurer.
160010106	5	12000	food	50	A useful meal for an adventurer.
160010281	5	12000	food	40	A useful meal for an adventurer.
160010282	5	12000	food	40	A useful meal for an adventurer.
160003560	5	12000	food	40	A useful meal for an adventurer.
160003554	5	12000	food	40	A useful meal for an adventurer.
160010285	5	12000	food	40	A useful meal for an adventurer.
160010286	5	12000	food	40	A useful meal for an adventurer.
160010113	5	12000	food	40	A useful meal for an adventurer.
160010114	5	12000	food	40	A useful meal for an adventurer.
160005038	5	12000	food	55	A useful meal for an adventurer.
160005040	5	12000	food	55	A useful meal for an adventurer.
160005041	5	12000	food	55	A useful meal for an adventurer.
160005042	5	12000	food	55	A useful meal for an adventurer.
160005036	5	12000	food	55	A useful meal for an adventurer.
160005039	5	12000	food	55	A useful meal for an adventurer.
160005037	5	12000	food	55	A useful meal for an adventurer.
160003514	5	12000	food	20	A useful meal for an adventurer.
160010178	5	12000	food	40	A useful meal for an adventurer.
160010179	5	12000	food	40	A useful meal for an adventurer.
160010182	5	12000	food	40	A useful meal for an adventurer.
160010183	5	12000	food	40	A useful meal for an adventurer.
160010176	5	12000	food	40	A useful meal for an adventurer.
160010177	5	12000	food	40	A useful meal for an adventurer.
160010184	5	12000	food	40	A useful meal for an adventurer.
160010185	5	12000	food	40	A useful meal for an adventurer.
160010180	5	12000	food	40	A useful meal for an adventurer.
160010181	5	12000	food	40	A useful meal for an adventurer.
160010329	5	12000	food	40	A useful meal for an adventurer.
160010330	5	12000	food	40	A useful meal for an adventurer.
160003505	5	12000	food	10	A useful meal for an adventurer.
160010103	5	12000	food	50	A useful meal for an adventurer.
160010104	5	12000	food	50	A useful meal for an adventurer.
160003516	5	12000	food	20	A useful meal for an adventurer.
160003014	5	12000	food	20	A useful meal for an adventurer.
160003558	5	12000	food	20	A useful meal for an adventurer.
160003552	5	12000	food	20	A useful meal for an adventurer.
160003543	5	12000	food	40	A useful meal for an adventurer.
160003539	5	12000	food	40	A useful meal for an adventurer.
160003544	5	12000	food	40	A useful meal for an adventurer.
160003547	5	12000	food	40	A useful meal for an adventurer.
160003545	5	12000	food	40	A useful meal for an adventurer.
160003540	5	12000	food	40	A useful meal for an adventurer.
160003541	5	12000	food	40	A useful meal for an adventurer.
160003542	5	12000	food	40	A useful meal for an adventurer.
160003548	5	12000	food	40	A useful meal for an adventurer.
160003546	5	12000	food	40	A useful meal for an adventurer.
160003006	5	12000	food	10	A useful meal for an adventurer.
160003010	5	12000	food	10	A useful meal for an adventurer.
160003561	5	12000	food	50	A useful meal for an adventurer.
160003555	5	12000	food	50	A useful meal for an adventurer.
160003005	5	12000	food	10	A useful meal for an adventurer.
160005001	5	12000	food	20	A useful meal for an adventurer.
160003020	5	12000	food	20	A useful meal for an adventurer.
160003016	5	12000	food	20	A useful meal for an adventurer.
160003009	5	12000	food	10	A useful meal for an adventurer.
160003557	5	12000	food	10	A useful meal for an adventurer.
160003551	5	12000	food	10	A useful meal for an adventurer.
160003519	5	12000	food	20	A useful meal for an adventurer.
160003510	5	12000	food	10	A useful meal for an adventurer.
160010307	5	12000	food	40	A useful meal for an adventurer.
160010308	5	12000	food	40	A useful meal for an adventurer.
160010319	5	12000	food	40	A useful meal for an adventurer.
160010320	5	12000	food	40	A useful meal for an adventurer.
160010313	5	12000	food	40	A useful meal for an adventurer.
160010314	5	12000	food	40	A useful meal for an adventurer.
160010051	5	12000	food	40	A useful meal for an adventurer.
160010052	5	12000	food	40	A useful meal for an adventurer.
160010053	5	12000	food	40	A useful meal for an adventurer.
160010054	5	12000	food	40	A useful meal for an adventurer.
160010055	5	12000	food	40	A useful meal for an adventurer.
160010056	5	12000	food	40	A useful meal for an adventurer.
160010057	5	12000	food	40	A useful meal for an adventurer.
160010058	5	12000	food	40	A useful meal for an adventurer.
160010059	5	12000	food	40	A useful meal for an adventurer.
160010060	5	12000	food	40	A useful meal for an adventurer.
160010041	5	12000	food	40	A useful meal for an adventurer.
160010042	5	12000	food	40	A useful meal for an adventurer.
160010043	5	12000	food	40	A useful meal for an adventurer.
160010044	5	12000	food	40	A useful meal for an adventurer.
160010045	5	12000	food	40	A useful meal for an adventurer.
160010046	5	12000	food	40	A useful meal for an adventurer.
160010047	5	12000	food	40	A useful meal for an adventurer.
160010048	5	12000	food	40	A useful meal for an adventurer.
160010049	5	12000	food	40	A useful meal for an adventurer.
160010050	5	12000	food	40	A useful meal for an adventurer.
160003019	5	12000	food	20	A useful meal for an adventurer.
160003506	5	12000	food	10	A useful meal for an adventurer.
160005002	5	12000	food	20	A useful meal for an adventurer.
160003553	5	12000	food	30	A useful meal for an adventurer.
160003520	5	12000	food	20	A useful meal for an adventurer.
160010279	5	12000	food	40	A useful meal for an adventurer.
160010280	5	12000	food	40	A useful meal for an adventurer.
160003515	5	12000	food	20	A useful meal for an adventurer.
160003521	5	12000	food	20	A useful meal for an adventurer.
160003501	5	12000	food	10	A useful meal for an adventurer.
160003001	5	12000	food	10	A useful meal for an adventurer.
160003511	5	12000	food	20	A useful meal for an adventurer.
160003011	5	12000	food	20	A useful meal for an adventurer.
160003015	5	12000	food	20	A useful meal for an adventurer.
160003522	5	12000	food	20	A useful meal for an adventurer.
160003002	5	12000	food	10	A useful meal for an adventurer.
160003012	5	12000	food	20	A useful meal for an adventurer.
160003502	5	12000	food	10	A useful meal for an adventurer.
160003512	5	12000	food	20	A useful meal for an adventurer.
160003534	5	12000	food	50	A useful meal for an adventurer.
160003535	5	12000	food	50	A useful meal for an adventurer.
160003533	5	12000	food	50	A useful meal for an adventurer.
160010125	5	12000	food	40	A useful meal for an adventurer.
160010126	5	12000	food	40	A useful meal for an adventurer.
160010123	5	12000	food	40	A useful meal for an adventurer.
160010124	5	12000	food	40	A useful meal for an adventurer.
160010127	5	12000	food	40	A useful meal for an adventurer.
160010128	5	12000	food	40	A useful meal for an adventurer.
160003528	5	12000	food	20	A useful meal for an adventurer.
160003508	5	12000	food	10	A useful meal for an adventurer.
160003018	5	12000	food	20	A useful meal for an adventurer.
160003008	5	12000	food	10	A useful meal for an adventurer.
160003518	5	12000	food	20	A useful meal for an adventurer.
160010273	5	12000	food	40	A useful meal for an adventurer.
160010275	5	12000	food	40	A useful meal for an adventurer.
160003532	5	12000	food	40	A useful meal for an adventurer.
160003531	5	12000	food	40	A useful meal for an adventurer.
160010188	5	12000	food	40	A useful meal for an adventurer.
160010189	5	12000	food	40	A useful meal for an adventurer.
160010192	5	12000	food	40	A useful meal for an adventurer.
160010193	5	12000	food	40	A useful meal for an adventurer.
160010186	5	12000	food	40	A useful meal for an adventurer.
160010187	5	12000	food	40	A useful meal for an adventurer.
160010194	5	12000	food	40	A useful meal for an adventurer.
160010195	5	12000	food	40	A useful meal for an adventurer.
160010190	5	12000	food	40	A useful meal for an adventurer.
160010191	5	12000	food	40	A useful meal for an adventurer.
160010089	5	12000	food	40	A useful meal for an adventurer.
160010090	5	12000	food	40	A useful meal for an adventurer.
160010174	5	12000	food	50	A useful meal for an adventurer.
160010175	5	12000	food	50	A useful meal for an adventurer.
160010277	5	12000	food	40	A useful meal for an adventurer.
160010278	5	12000	food	40	A useful meal for an adventurer.
160010061	5	12000	food	40	A useful meal for an adventurer.
160010062	5	12000	food	40	A useful meal for an adventurer.
160010063	5	12000	food	40	A useful meal for an adventurer.
160010064	5	12000	food	40	A useful meal for an adventurer.
160010065	5	12000	food	40	A useful meal for an adventurer.
160010066	5	12000	food	40	A useful meal for an adventurer.
160010067	5	12000	food	40	A useful meal for an adventurer.
160010068	5	12000	food	40	A useful meal for an adventurer.
160010069	5	12000	food	40	A useful meal for an adventurer.
160010070	5	12000	food	40	A useful meal for an adventurer.
160003504	5	12000	food	10	A useful meal for an adventurer.
160010287	5	12000	food	40	A useful meal for an adventurer.
160010288	5	12000	food	40	A useful meal for an adventurer.
160010305	5	12000	food	40	A useful meal for an adventurer.
160010306	5	12000	food	40	A useful meal for an adventurer.
160010317	5	12000	food	40	A useful meal for an adventurer.
160010318	5	12000	food	40	A useful meal for an adventurer.
160010311	5	12000	food	40	A useful meal for an adventurer.
160010312	5	12000	food	40	A useful meal for an adventurer.
160010205	5	12000	food	40	A useful meal for an adventurer.
160010207	5	12000	food	40	A useful meal for an adventurer.
160010323	5	12000	food	40	A useful meal for an adventurer.
160010324	5	12000	food	40	A useful meal for an adventurer.
160010283	5	12000	food	40	A useful meal for an adventurer.
160010284	5	12000	food	40	A useful meal for an adventurer.
188052086	1	2000000	gm	1	A rare GM themed collectible from the 4.8 item data.
110900338	1	2000000	gm	1	A rare GM themed collectible from the 4.8 item data.
110900339	1	2000000	gm	1	A rare GM themed collectible from the 4.8 item data.
101300992	1	2000000	gm	1	A rare GM themed collectible from the 4.8 item data.
188052083	1	2000000	gm	1	A rare GM themed collectible from the 4.8 item data.
169800157	1	200000	hair	1	Try a new hairstyle at the makeover station.
169800458	1	200000	hair	1	Try a new hairstyle at the makeover station.
169800154	1	200000	hair	1	Try a new hairstyle at the makeover station.
169800455	1	200000	hair	1	Try a new hairstyle at the makeover station.
169800046	1	200000	hair	1	Try a new hairstyle at the makeover station.
169800347	1	200000	hair	1	Try a new hairstyle at the makeover station.
169800156	1	200000	hair	1	Try a new hairstyle at the makeover station.
169800457	1	200000	hair	1	Try a new hairstyle at the makeover station.
169800052	1	200000	hair	1	Try a new hairstyle at the makeover station.
169800353	1	200000	hair	1	Try a new hairstyle at the makeover station.
169800152	1	200000	hair	1	Try a new hairstyle at the makeover station.
169800453	1	200000	hair	1	Try a new hairstyle at the makeover station.
169800151	1	200000	hair	1	Try a new hairstyle at the makeover station.
169800452	1	200000	hair	1	Try a new hairstyle at the makeover station.
169800169	1	200000	hair	1	Try a new hairstyle at the makeover station.
169800470	1	200000	hair	1	Try a new hairstyle at the makeover station.
169800170	1	200000	hair	1	Try a new hairstyle at the makeover station.
169800471	1	200000	hair	1	Try a new hairstyle at the makeover station.
169800155	1	200000	hair	1	Try a new hairstyle at the makeover station.
169800456	1	200000	hair	1	Try a new hairstyle at the makeover station.
169800153	1	200000	hair	1	Try a new hairstyle at the makeover station.
169800454	1	200000	hair	1	Try a new hairstyle at the makeover station.
125040118	1	90000	hats	1	Finish your look with a headpiece.
125040083	1	90000	hats	1	Finish your look with a headpiece.
125045537	1	90000	hats	1	Finish your look with a headpiece.
125045242	1	90000	hats	1	Finish your look with a headpiece.
125040080	1	90000	hats	1	Finish your look with a headpiece.
125040002	1	90000	hats	1	Finish your look with a headpiece.
125040172	1	90000	hats	1	Finish your look with a headpiece.
125045446	1	90000	hats	1	Finish your look with a headpiece.
125045445	1	90000	hats	1	Finish your look with a headpiece.
125040108	1	90000	hats	1	Finish your look with a headpiece.
125040247	1	90000	hats	1	Finish your look with a headpiece.
125003946	1	90000	hats	1	Finish your look with a headpiece.
125003949	1	90000	hats	1	Finish your look with a headpiece.
125003945	1	90000	hats	1	Finish your look with a headpiece.
125045448	1	90000	hats	1	Finish your look with a headpiece.
125003948	1	90000	hats	1	Finish your look with a headpiece.
125045519	1	90000	hats	1	Finish your look with a headpiece.
125040078	1	90000	hats	1	Finish your look with a headpiece.
125004118	1	90000	hats	1	Finish your look with a headpiece.
125040084	1	90000	hats	1	Finish your look with a headpiece.
125040038	1	90000	hats	1	Finish your look with a headpiece.
125045518	1	90000	hats	1	Finish your look with a headpiece.
125040186	1	90000	hats	1	Finish your look with a headpiece.
125040079	1	90000	hats	1	Finish your look with a headpiece.
125040107	1	90000	hats	1	Finish your look with a headpiece.
125040252	1	90000	hats	1	Finish your look with a headpiece.
125040116	1	90000	hats	1	Finish your look with a headpiece.
125045244	1	90000	hats	1	Finish your look with a headpiece.
125040113	1	90000	hats	1	Finish your look with a headpiece.
125040037	1	90000	hats	1	Finish your look with a headpiece.
125045437	1	90000	hats	1	Finish your look with a headpiece.
125045567	1	90000	hats	1	Finish your look with a headpiece.
125040077	1	90000	hats	1	Finish your look with a headpiece.
125040081	1	90000	hats	1	Finish your look with a headpiece.
125040013	1	90000	hats	1	Finish your look with a headpiece.
125040082	1	90000	hats	1	Finish your look with a headpiece.
125040004	1	90000	hats	1	Finish your look with a headpiece.
125045241	1	90000	hats	1	Finish your look with a headpiece.
125040110	1	90000	hats	1	Finish your look with a headpiece.
125040111	1	90000	hats	1	Finish your look with a headpiece.
125040007	1	90000	hats	1	Finish your look with a headpiece.
125040008	1	90000	hats	1	Finish your look with a headpiece.
125040119	1	90000	hats	1	Finish your look with a headpiece.
125040009	1	90000	hats	1	Finish your look with a headpiece.
125040249	1	90000	hats	1	Finish your look with a headpiece.
125040250	1	90000	hats	1	Finish your look with a headpiece.
125045521	1	90000	hats	1	Finish your look with a headpiece.
125045542	1	90000	hats	1	Finish your look with a headpiece.
125004095	1	90000	hats	65	Finish your look with a headpiece.
125004096	1	90000	hats	65	Finish your look with a headpiece.
125004094	1	90000	hats	65	Finish your look with a headpiece.
125004097	1	90000	hats	65	Finish your look with a headpiece.
125040182	1	90000	hats	1	Finish your look with a headpiece.
125003947	1	90000	hats	1	Finish your look with a headpiece.
125040246	1	90000	hats	1	Finish your look with a headpiece.
125045520	1	90000	hats	1	Finish your look with a headpiece.
125045541	1	90000	hats	1	Finish your look with a headpiece.
125045539	1	90000	hats	1	Finish your look with a headpiece.
125040120	1	90000	hats	1	Finish your look with a headpiece.
125040181	1	90000	hats	1	Finish your look with a headpiece.
125045516	1	90000	hats	1	Finish your look with a headpiece.
125040021	1	90000	hats	1	Finish your look with a headpiece.
125040001	1	90000	hats	1	Finish your look with a headpiece.
125040003	1	90000	hats	1	Finish your look with a headpiece.
125045217	1	90000	hats	1	Finish your look with a headpiece.
125040022	1	90000	hats	1	Finish your look with a headpiece.
125040065	1	90000	hats	1	Finish your look with a headpiece.
125040248	1	90000	hats	1	Finish your look with a headpiece.
125040245	1	90000	hats	1	Finish your look with a headpiece.
125045243	1	90000	hats	1	Finish your look with a headpiece.
125040127	1	90000	hats	1	Finish your look with a headpiece.
125040125	1	90000	hats	1	Finish your look with a headpiece.
125040126	1	90000	hats	1	Finish your look with a headpiece.
125045517	1	90000	hats	1	Finish your look with a headpiece.
125045538	1	90000	hats	1	Finish your look with a headpiece.
125045436	1	90000	hats	1	Finish your look with a headpiece.
125040028	1	90000	hats	1	Finish your look with a headpiece.
125040112	1	90000	hats	1	Finish your look with a headpiece.
125040180	1	90000	hats	1	Finish your look with a headpiece.
125040010	1	90000	hats	1	Finish your look with a headpiece.
125040067	1	90000	hats	1	Finish your look with a headpiece.
125040011	1	90000	hats	1	Finish your look with a headpiece.
125040012	1	90000	hats	1	Finish your look with a headpiece.
125040115	1	90000	hats	1	Finish your look with a headpiece.
125045218	1	90000	hats	1	Finish your look with a headpiece.
125045540	1	90000	hats	1	Finish your look with a headpiece.
125045545	1	90000	hats	1	Finish your look with a headpiece.
125040076	1	90000	hats	1	Finish your look with a headpiece.
125040005	1	90000	hats	1	Finish your look with a headpiece.
125045216	1	90000	hats	1	Finish your look with a headpiece.
125040006	1	90000	hats	1	Finish your look with a headpiece.
125040251	1	90000	hats	1	Finish your look with a headpiece.
125040117	1	90000	hats	1	Finish your look with a headpiece.
125040114	1	90000	hats	1	Finish your look with a headpiece.
190100005	1	750000	mounts	1	A permanent mount to travel in style.
190100011	1	750000	mounts	1	A permanent mount to travel in style.
190100010	1	750000	mounts	1	A permanent mount to travel in style.
190100084	1	750000	mounts	1	A permanent mount to travel in style.
190100000	1	750000	mounts	1	A permanent mount to travel in style.
190100090	1	750000	mounts	1	A permanent mount to travel in style.
190100107	1	750000	mounts	1	A permanent mount to travel in style.
190100155	1	750000	mounts	1	A permanent mount to travel in style.
190100127	1	750000	mounts	1	A permanent mount to travel in style.
190100049	1	750000	mounts	1	A permanent mount to travel in style.
190100051	1	750000	mounts	1	A permanent mount to travel in style.
190100078	1	750000	mounts	1	A permanent mount to travel in style.
190100167	1	750000	mounts	1	A permanent mount to travel in style.
190100048	1	750000	mounts	1	A permanent mount to travel in style.
190100046	1	750000	mounts	1	A permanent mount to travel in style.
190100146	1	750000	mounts	1	A permanent mount to travel in style.
190100042	1	750000	mounts	1	A permanent mount to travel in style.
190100131	1	750000	mounts	1	A permanent mount to travel in style.
190100163	1	750000	mounts	1	A permanent mount to travel in style.
190100032	1	750000	mounts	1	A permanent mount to travel in style.
190100003	1	750000	mounts	1	A permanent mount to travel in style.
190100004	1	750000	mounts	1	A permanent mount to travel in style.
190100115	1	750000	mounts	1	A permanent mount to travel in style.
190100154	1	750000	mounts	1	A permanent mount to travel in style.
190100156	1	750000	mounts	1	A permanent mount to travel in style.
190100006	1	750000	mounts	1	A permanent mount to travel in style.
190100072	1	750000	mounts	1	A permanent mount to travel in style.
190100109	1	750000	mounts	1	A permanent mount to travel in style.
190100037	1	750000	mounts	1	A permanent mount to travel in style.
190100143	1	750000	mounts	1	A permanent mount to travel in style.
190100008	1	750000	mounts	1	A permanent mount to travel in style.
190100023	1	750000	mounts	1	A permanent mount to travel in style.
190100009	1	750000	mounts	1	A permanent mount to travel in style.
190100134	1	750000	mounts	1	A permanent mount to travel in style.
190100053	1	750000	mounts	1	A permanent mount to travel in style.
190100052	1	750000	mounts	1	A permanent mount to travel in style.
190100121	1	750000	mounts	1	A permanent mount to travel in style.
190100065	1	750000	mounts	1	A permanent mount to travel in style.
190100150	1	750000	mounts	1	A permanent mount to travel in style.
190100139	1	750000	mounts	1	A permanent mount to travel in style.
190100007	1	750000	mounts	1	A permanent mount to travel in style.
190100108	1	750000	mounts	1	A permanent mount to travel in style.
190100128	1	750000	mounts	1	A permanent mount to travel in style.
190100157	1	750000	mounts	1	A permanent mount to travel in style.
190100159	1	750000	mounts	1	A permanent mount to travel in style.
190100047	1	750000	mounts	1	A permanent mount to travel in style.
190100012	1	750000	mounts	1	A permanent mount to travel in style.
110900218	1	125000	outfits	1	A cosmetic look for your armor.
110900217	1	125000	outfits	1	A cosmetic look for your armor.
110900063	1	125000	outfits	1	A cosmetic look for your armor.
110900099	1	125000	outfits	1	A cosmetic look for your armor.
110900885	1	125000	outfits	1	A cosmetic look for your armor.
110900125	1	125000	outfits	1	A cosmetic look for your armor.
110900552	1	125000	outfits	1	A cosmetic look for your armor.
110900213	1	125000	outfits	1	A cosmetic look for your armor.
110900763	1	125000	outfits	1	A cosmetic look for your armor.
110900762	1	125000	outfits	1	A cosmetic look for your armor.
110900080	1	125000	outfits	1	A cosmetic look for your armor.
110101732	1	125000	outfits	1	A cosmetic look for your armor.
111101567	1	125000	outfits	1	A cosmetic look for your armor.
113101579	1	125000	outfits	1	A cosmetic look for your armor.
114101613	1	125000	outfits	1	A cosmetic look for your armor.
112101517	1	125000	outfits	1	A cosmetic look for your armor.
110101735	1	125000	outfits	1	A cosmetic look for your armor.
110101731	1	125000	outfits	1	A cosmetic look for your armor.
110900032	1	125000	outfits	1	A cosmetic look for your armor.
110900126	1	125000	outfits	1	A cosmetic look for your armor.
110900767	1	125000	outfits	1	A cosmetic look for your armor.
110900764	1	125000	outfits	1	A cosmetic look for your armor.
110900765	1	125000	outfits	1	A cosmetic look for your armor.
110900104	1	125000	outfits	1	A cosmetic look for your armor.
110900118	1	125000	outfits	1	A cosmetic look for your armor.
110900215	1	125000	outfits	1	A cosmetic look for your armor.
110900087	1	125000	outfits	1	A cosmetic look for your armor.
110101734	1	125000	outfits	1	A cosmetic look for your armor.
111101566	1	125000	outfits	1	A cosmetic look for your armor.
113101578	1	125000	outfits	1	A cosmetic look for your armor.
114101612	1	125000	outfits	1	A cosmetic look for your armor.
112101516	1	125000	outfits	1	A cosmetic look for your armor.
110900864	1	125000	outfits	1	A cosmetic look for your armor.
110900103	1	125000	outfits	1	A cosmetic look for your armor.
110900116	1	125000	outfits	1	A cosmetic look for your armor.
110101829	1	125000	outfits	1	A cosmetic look for your armor.
110900079	1	125000	outfits	1	A cosmetic look for your armor.
110900100	1	125000	outfits	1	A cosmetic look for your armor.
110900064	1	125000	outfits	1	A cosmetic look for your armor.
110900859	1	125000	outfits	1	A cosmetic look for your armor.
110900863	1	125000	outfits	1	A cosmetic look for your armor.
110900772	1	125000	outfits	1	A cosmetic look for your armor.
110900048	1	125000	outfits	1	A cosmetic look for your armor.
110900049	1	125000	outfits	1	A cosmetic look for your armor.
110900050	1	125000	outfits	1	A cosmetic look for your armor.
110900027	1	125000	outfits	1	A cosmetic look for your armor.
110900554	1	125000	outfits	1	A cosmetic look for your armor.
114000015	1	125000	outfits	1	A cosmetic look for your armor.
110900737	1	125000	outfits	1	A cosmetic look for your armor.
110900136	1	125000	outfits	1	A cosmetic look for your armor.
110900028	1	125000	outfits	1	A cosmetic look for your armor.
110900127	1	125000	outfits	1	A cosmetic look for your armor.
110900065	1	125000	outfits	1	A cosmetic look for your armor.
110900223	1	125000	outfits	1	A cosmetic look for your armor.
110900866	1	125000	outfits	1	A cosmetic look for your armor.
110900059	1	125000	outfits	1	A cosmetic look for your armor.
110900068	1	125000	outfits	1	A cosmetic look for your armor.
110900081	1	125000	outfits	1	A cosmetic look for your armor.
110900085	1	125000	outfits	1	A cosmetic look for your armor.
110900105	1	125000	outfits	1	A cosmetic look for your armor.
110900117	1	125000	outfits	1	A cosmetic look for your armor.
110900031	1	125000	outfits	1	A cosmetic look for your armor.
110900140	1	125000	outfits	1	A cosmetic look for your armor.
110900030	1	125000	outfits	1	A cosmetic look for your armor.
110900232	1	125000	outfits	1	A cosmetic look for your armor.
110900770	1	125000	outfits	1	A cosmetic look for your armor.
110900769	1	125000	outfits	1	A cosmetic look for your armor.
110900551	1	125000	outfits	1	A cosmetic look for your armor.
110900768	1	125000	outfits	1	A cosmetic look for your armor.
110900860	1	125000	outfits	1	A cosmetic look for your armor.
110900963	1	125000	outfits	1	A cosmetic look for your armor.
110900964	1	125000	outfits	1	A cosmetic look for your armor.
110900962	1	125000	outfits	1	A cosmetic look for your armor.
114301799	1	125000	outfits	65	A cosmetic look for your armor.
110601596	1	125000	outfits	65	A cosmetic look for your armor.
113301762	1	125000	outfits	65	A cosmetic look for your armor.
114501716	1	125000	outfits	65	A cosmetic look for your armor.
113501706	1	125000	outfits	65	A cosmetic look for your armor.
111601559	1	125000	outfits	65	A cosmetic look for your armor.
111101630	1	125000	outfits	65	A cosmetic look for your armor.
113601542	1	125000	outfits	65	A cosmetic look for your armor.
111501688	1	125000	outfits	65	A cosmetic look for your armor.
110551129	1	125000	outfits	65	A cosmetic look for your armor.
110301793	1	125000	outfits	65	A cosmetic look for your armor.
113101642	1	125000	outfits	65	A cosmetic look for your armor.
112101580	1	125000	outfits	65	A cosmetic look for your armor.
114601549	1	125000	outfits	65	A cosmetic look for your armor.
114101676	1	125000	outfits	65	A cosmetic look for your armor.
112301670	1	125000	outfits	65	A cosmetic look for your armor.
112601541	1	125000	outfits	65	A cosmetic look for your armor.
112501627	1	125000	outfits	65	A cosmetic look for your armor.
110101812	1	125000	outfits	65	A cosmetic look for your armor.
111301731	1	125000	outfits	65	A cosmetic look for your armor.
110900066	1	125000	outfits	1	A cosmetic look for your armor.
110900101	1	125000	outfits	1	A cosmetic look for your armor.
110101733	1	125000	outfits	1	A cosmetic look for your armor.
110900773	1	125000	outfits	1	A cosmetic look for your armor.
110900868	1	125000	outfits	1	A cosmetic look for your armor.
110900867	1	125000	outfits	1	A cosmetic look for your armor.
110900214	1	125000	outfits	1	A cosmetic look for your armor.
110900230	1	125000	outfits	1	A cosmetic look for your armor.
110900089	1	125000	outfits	1	A cosmetic look for your armor.
110900067	1	125000	outfits	1	A cosmetic look for your armor.
110900102	1	125000	outfits	1	A cosmetic look for your armor.
110900869	1	125000	outfits	1	A cosmetic look for your armor.
110900862	1	125000	outfits	1	A cosmetic look for your armor.
110900061	1	125000	outfits	1	A cosmetic look for your armor.
114000008	1	125000	outfits	1	A cosmetic look for your armor.
111000008	1	125000	outfits	1	A cosmetic look for your armor.
110900128	1	125000	outfits	1	A cosmetic look for your armor.
110900887	1	125000	outfits	1	A cosmetic look for your armor.
110900442	1	125000	outfits	1	A cosmetic look for your armor.
110900231	1	125000	outfits	1	A cosmetic look for your armor.
110900211	1	125000	outfits	1	A cosmetic look for your armor.
110900771	1	125000	outfits	1	A cosmetic look for your armor.
110900062	1	125000	outfits	1	A cosmetic look for your armor.
111000009	1	125000	outfits	1	A cosmetic look for your armor.
114000009	1	125000	outfits	1	A cosmetic look for your armor.
110900129	1	125000	outfits	1	A cosmetic look for your armor.
110900553	1	125000	outfits	1	A cosmetic look for your armor.
110900865	1	125000	outfits	1	A cosmetic look for your armor.
110900738	1	125000	outfits	1	A cosmetic look for your armor.
110900026	1	125000	outfits	1	A cosmetic look for your armor.
110900139	1	125000	outfits	1	A cosmetic look for your armor.
110900090	1	125000	outfits	1	A cosmetic look for your armor.
110900441	1	125000	outfits	1	A cosmetic look for your armor.
110900033	1	125000	outfits	1	A cosmetic look for your armor.
110900137	1	125000	outfits	1	A cosmetic look for your armor.
110900029	1	125000	outfits	1	A cosmetic look for your armor.
110900212	1	125000	outfits	1	A cosmetic look for your armor.
110900088	1	125000	outfits	1	A cosmetic look for your armor.
110900858	1	125000	outfits	1	A cosmetic look for your armor.
110900443	1	125000	outfits	1	A cosmetic look for your armor.
110900216	1	125000	outfits	1	A cosmetic look for your armor.
110900846	1	125000	outfits	1	A cosmetic look for your armor.
110900847	1	125000	outfits	1	A cosmetic look for your armor.
110900848	1	125000	outfits	1	A cosmetic look for your armor.
110900861	1	125000	outfits	1	A cosmetic look for your armor.
110900086	1	125000	outfits	1	A cosmetic look for your armor.
110900060	1	125000	outfits	1	A cosmetic look for your armor.
110900138	1	125000	outfits	1	A cosmetic look for your armor.
190020007	1	350000	pets	1	Adopt a companion for your journey.
190020203	1	350000	pets	1	Adopt a companion for your journey.
190020034	1	350000	pets	1	Adopt a companion for your journey.
190020031	1	350000	pets	1	Adopt a companion for your journey.
190000063	1	350000	pets	1	Adopt a companion for your journey.
190000054	1	350000	pets	1	Adopt a companion for your journey.
190010005	1	350000	pets	1	Adopt a companion for your journey.
190010006	1	350000	pets	1	Adopt a companion for your journey.
190000039	1	350000	pets	1	Adopt a companion for your journey.
190000064	1	350000	pets	1	Adopt a companion for your journey.
190020083	1	350000	pets	1	Adopt a companion for your journey.
190020084	1	350000	pets	1	Adopt a companion for your journey.
190020089	1	350000	pets	1	Adopt a companion for your journey.
190000058	1	350000	pets	1	Adopt a companion for your journey.
190020012	1	350000	pets	1	Adopt a companion for your journey.
190020015	1	350000	pets	1	Adopt a companion for your journey.
190000052	1	350000	pets	1	Adopt a companion for your journey.
190020002	1	350000	pets	1	Adopt a companion for your journey.
190020219	1	350000	pets	1	Adopt a companion for your journey.
190020078	1	350000	pets	1	Adopt a companion for your journey.
190020026	1	350000	pets	1	Adopt a companion for your journey.
190000020	1	350000	pets	1	Adopt a companion for your journey.
190000026	1	350000	pets	1	Adopt a companion for your journey.
190020070	1	350000	pets	1	Adopt a companion for your journey.
190020014	1	350000	pets	1	Adopt a companion for your journey.
190020073	1	350000	pets	1	Adopt a companion for your journey.
190000073	1	350000	pets	1	Adopt a companion for your journey.
190000036	1	350000	pets	1	Adopt a companion for your journey.
190000057	1	350000	pets	1	Adopt a companion for your journey.
190020050	1	350000	pets	1	Adopt a companion for your journey.
190020164	1	350000	pets	1	Adopt a companion for your journey.
190020049	1	350000	pets	1	Adopt a companion for your journey.
190000027	1	350000	pets	1	Adopt a companion for your journey.
190020090	1	350000	pets	1	Adopt a companion for your journey.
190000035	1	350000	pets	1	Adopt a companion for your journey.
190020136	1	350000	pets	1	Adopt a companion for your journey.
190020135	1	350000	pets	1	Adopt a companion for your journey.
190020137	1	350000	pets	1	Adopt a companion for your journey.
190020074	1	350000	pets	1	Adopt a companion for your journey.
190020075	1	350000	pets	1	Adopt a companion for your journey.
190020072	1	350000	pets	1	Adopt a companion for your journey.
190000053	1	350000	pets	1	Adopt a companion for your journey.
190000047	1	350000	pets	1	Adopt a companion for your journey.
190000048	1	350000	pets	1	Adopt a companion for your journey.
190020180	1	350000	pets	1	Adopt a companion for your journey.
190020062	1	350000	pets	1	Adopt a companion for your journey.
190000017	1	350000	pets	1	Adopt a companion for your journey.
190000019	1	350000	pets	1	Adopt a companion for your journey.
190020237	1	350000	pets	1	Adopt a companion for your journey.
190000046	1	350000	pets	1	Adopt a companion for your journey.
190010000	1	350000	pets	1	Adopt a companion for your journey.
190020087	1	350000	pets	1	Adopt a companion for your journey.
190000056	1	350000	pets	1	Adopt a companion for your journey.
190020077	1	350000	pets	1	Adopt a companion for your journey.
190020201	1	350000	pets	1	Adopt a companion for your journey.
190000065	1	350000	pets	1	Adopt a companion for your journey.
190000066	1	350000	pets	1	Adopt a companion for your journey.
190020023	1	350000	pets	1	Adopt a companion for your journey.
190000041	1	350000	pets	1	Adopt a companion for your journey.
190020079	1	350000	pets	1	Adopt a companion for your journey.
190000023	1	350000	pets	1	Adopt a companion for your journey.
190000014	1	350000	pets	1	Adopt a companion for your journey.
190020006	1	350000	pets	1	Adopt a companion for your journey.
190000012	1	350000	pets	1	Adopt a companion for your journey.
190020003	1	350000	pets	1	Adopt a companion for your journey.
190020022	1	350000	pets	1	Adopt a companion for your journey.
190000021	1	350000	pets	1	Adopt a companion for your journey.
190020082	1	350000	pets	1	Adopt a companion for your journey.
190020017	1	350000	pets	1	Adopt a companion for your journey.
190020235	1	350000	pets	1	Adopt a companion for your journey.
190020018	1	350000	pets	1	Adopt a companion for your journey.
190000034	1	350000	pets	1	Adopt a companion for your journey.
190020059	1	350000	pets	1	Adopt a companion for your journey.
190000033	1	350000	pets	1	Adopt a companion for your journey.
190020028	1	350000	pets	1	Adopt a companion for your journey.
190020088	1	350000	pets	1	Adopt a companion for your journey.
190000049	1	350000	pets	1	Adopt a companion for your journey.
190020013	1	350000	pets	1	Adopt a companion for your journey.
190020223	1	350000	pets	1	Adopt a companion for your journey.
190020114	1	350000	pets	1	Adopt a companion for your journey.
190000051	1	350000	pets	1	Adopt a companion for your journey.
190020060	1	350000	pets	1	Adopt a companion for your journey.
190070010	1	350000	pets	1	Adopt a companion for your journey.
190010001	1	350000	pets	1	Adopt a companion for your journey.
190000031	1	350000	pets	1	Adopt a companion for your journey.
190000055	1	350000	pets	1	Adopt a companion for your journey.
190000011	1	350000	pets	1	Adopt a companion for your journey.
190020161	1	350000	pets	1	Adopt a companion for your journey.
190020086	1	350000	pets	1	Adopt a companion for your journey.
190000010	1	350000	pets	1	Adopt a companion for your journey.
190000060	1	350000	pets	1	Adopt a companion for your journey.
190020076	1	350000	pets	1	Adopt a companion for your journey.
190000059	1	350000	pets	1	Adopt a companion for your journey.
190020063	1	350000	pets	1	Adopt a companion for your journey.
190000022	1	350000	pets	1	Adopt a companion for your journey.
190000013	1	350000	pets	1	Adopt a companion for your journey.
190020205	1	350000	pets	1	Adopt a companion for your journey.
190000075	1	350000	pets	1	Adopt a companion for your journey.
190020010	1	350000	pets	1	Adopt a companion for your journey.
190000016	1	350000	pets	1	Adopt a companion for your journey.
190020221	1	350000	pets	1	Adopt a companion for your journey.
190020170	1	350000	pets	1	Adopt a companion for your journey.
190020168	1	350000	pets	1	Adopt a companion for your journey.
190020169	1	350000	pets	1	Adopt a companion for your journey.
190020167	1	350000	pets	1	Adopt a companion for your journey.
190020176	1	350000	pets	1	Adopt a companion for your journey.
190020172	1	350000	pets	1	Adopt a companion for your journey.
190020171	1	350000	pets	1	Adopt a companion for your journey.
190020187	1	350000	pets	1	Adopt a companion for your journey.
190020181	1	350000	pets	1	Adopt a companion for your journey.
190020178	1	350000	pets	1	Adopt a companion for your journey.
190020188	1	350000	pets	1	Adopt a companion for your journey.
190020186	1	350000	pets	1	Adopt a companion for your journey.
190020183	1	350000	pets	1	Adopt a companion for your journey.
190020179	1	350000	pets	1	Adopt a companion for your journey.
190020184	1	350000	pets	1	Adopt a companion for your journey.
190020182	1	350000	pets	1	Adopt a companion for your journey.
190020177	1	350000	pets	1	Adopt a companion for your journey.
190020185	1	350000	pets	1	Adopt a companion for your journey.
190020165	1	350000	pets	1	Adopt a companion for your journey.
190020173	1	350000	pets	1	Adopt a companion for your journey.
190020166	1	350000	pets	1	Adopt a companion for your journey.
190020189	1	350000	pets	1	Adopt a companion for your journey.
190020020	1	350000	pets	1	Adopt a companion for your journey.
190020019	1	350000	pets	1	Adopt a companion for your journey.
190070017	1	350000	pets	1	Adopt a companion for your journey.
190000045	1	350000	pets	1	Adopt a companion for your journey.
190000018	1	350000	pets	1	Adopt a companion for your journey.
190020001	1	350000	pets	1	Adopt a companion for your journey.
190020061	1	350000	pets	1	Adopt a companion for your journey.
190020109	1	350000	pets	1	Adopt a companion for your journey.
190020047	1	350000	pets	1	Adopt a companion for your journey.
190020058	1	350000	pets	1	Adopt a companion for your journey.
190020230	1	350000	pets	1	Adopt a companion for your journey.
190020057	1	350000	pets	1	Adopt a companion for your journey.
190000077	1	350000	pets	1	Adopt a companion for your journey.
190020138	1	350000	pets	1	Adopt a companion for your journey.
190000015	1	350000	pets	1	Adopt a companion for your journey.
190000067	1	350000	pets	1	Adopt a companion for your journey.
190020234	1	350000	pets	1	Adopt a companion for your journey.
190020175	1	350000	pets	1	Adopt a companion for your journey.
190000061	1	350000	pets	1	Adopt a companion for your journey.
190020030	1	350000	pets	1	Adopt a companion for your journey.
190020071	1	350000	pets	1	Adopt a companion for your journey.
190020228	1	350000	pets	1	Adopt a companion for your journey.
190020208	1	350000	pets	1	Adopt a companion for your journey.
190020027	1	350000	pets	1	Adopt a companion for your journey.
190020174	1	350000	pets	1	Adopt a companion for your journey.
190000071	1	350000	pets	1	Adopt a companion for your journey.
190010003	1	350000	pets	1	Adopt a companion for your journey.
190000062	1	350000	pets	1	Adopt a companion for your journey.
190020064	1	350000	pets	1	Adopt a companion for your journey.
190020081	1	350000	pets	1	Adopt a companion for your journey.
190000025	1	350000	pets	1	Adopt a companion for your journey.
190000050	1	350000	pets	1	Adopt a companion for your journey.
190000024	1	350000	pets	1	Adopt a companion for your journey.
190000078	1	350000	pets	1	Adopt a companion for your journey.
190020080	1	350000	pets	1	Adopt a companion for your journey.
190020198	1	350000	pets	1	Adopt a companion for your journey.
162000030	5	15000	potions	1	A ready supply for difficult encounters.
162000092	5	15000	potions	60	A ready supply for difficult encounters.
162000098	5	15000	potions	60	A ready supply for difficult encounters.
162000090	5	15000	potions	40	A ready supply for difficult encounters.
162000096	5	15000	potions	40	A ready supply for difficult encounters.
162000088	5	15000	potions	20	A ready supply for difficult encounters.
162000094	5	15000	potions	20	A ready supply for difficult encounters.
162000091	5	15000	potions	50	A ready supply for difficult encounters.
162000097	5	15000	potions	50	A ready supply for difficult encounters.
162000087	5	15000	potions	10	A ready supply for difficult encounters.
162000093	5	15000	potions	10	A ready supply for difficult encounters.
162000089	5	15000	potions	30	A ready supply for difficult encounters.
162000095	5	15000	potions	30	A ready supply for difficult encounters.
169630000	1	400000	services	1	An extra convenience for your character.
169630002	1	400000	services	1	An extra convenience for your character.
169630003	1	400000	services	1	An extra convenience for your character.
169630007	1	400000	services	1	An extra convenience for your character.
169640000	1	400000	services	1	An extra convenience for your character.
169640002	1	400000	services	1	An extra convenience for your character.
169640004	1	400000	services	1	An extra convenience for your character.
169640006	1	400000	services	1	An extra convenience for your character.
169630004	1	400000	services	1	An extra convenience for your character.
169610020	1	180000	titles	1	Add a title to your character.
169610010	1	180000	titles	1	Add a title to your character.
169610000	1	180000	titles	1	Add a title to your character.
169610137	1	180000	titles	1	Add a title to your character.
169610091	1	180000	titles	1	Add a title to your character.
169610032	1	180000	titles	1	Add a title to your character.
169610031	1	180000	titles	1	Add a title to your character.
169610030	1	180000	titles	1	Add a title to your character.
169610152	1	180000	titles	1	Add a title to your character.
169610092	1	180000	titles	1	Add a title to your character.
169610093	1	180000	titles	1	Add a title to your character.
169610145	1	180000	titles	1	Add a title to your character.
169610158	1	180000	titles	1	Add a title to your character.
169610102	1	180000	titles	1	Add a title to your character.
169610103	1	180000	titles	1	Add a title to your character.
169610101	1	180000	titles	1	Add a title to your character.
169610304	1	180000	titles	1	Add a title to your character.
169610306	1	180000	titles	1	Add a title to your character.
169610307	1	180000	titles	1	Add a title to your character.
169610305	1	180000	titles	1	Add a title to your character.
169610133	1	180000	titles	1	Add a title to your character.
169610333	1	180000	titles	1	Add a title to your character.
169610311	1	180000	titles	1	Add a title to your character.
169610344	1	180000	titles	1	Add a title to your character.
169610332	1	180000	titles	1	Add a title to your character.
169610132	1	180000	titles	1	Add a title to your character.
169610336	1	180000	titles	1	Add a title to your character.
169610302	1	180000	titles	1	Add a title to your character.
169610303	1	180000	titles	1	Add a title to your character.
169610301	1	180000	titles	1	Add a title to your character.
169610154	1	180000	titles	1	Add a title to your character.
169610308	1	180000	titles	1	Add a title to your character.
169610342	1	180000	titles	1	Add a title to your character.
169610343	1	180000	titles	1	Add a title to your character.
169610341	1	180000	titles	1	Add a title to your character.
169610111	1	180000	titles	1	Add a title to your character.
169610157	1	180000	titles	1	Add a title to your character.
169610310	1	180000	titles	1	Add a title to your character.
169610110	1	180000	titles	1	Add a title to your character.
169610150	1	180000	titles	1	Add a title to your character.
169610347	1	180000	titles	1	Add a title to your character.
169610348	1	180000	titles	1	Add a title to your character.
169610337	1	180000	titles	1	Add a title to your character.
169610338	1	180000	titles	1	Add a title to your character.
169610131	1	180000	titles	1	Add a title to your character.
169610128	1	180000	titles	1	Add a title to your character.
169610334	1	180000	titles	1	Add a title to your character.
169610099	1	180000	titles	1	Add a title to your character.
169610340	1	180000	titles	1	Add a title to your character.
169610098	1	180000	titles	1	Add a title to your character.
169610309	1	180000	titles	1	Add a title to your character.
169610136	1	180000	titles	1	Add a title to your character.
169610106	1	180000	titles	1	Add a title to your character.
169610104	1	180000	titles	1	Add a title to your character.
169610105	1	180000	titles	1	Add a title to your character.
169610107	1	180000	titles	1	Add a title to your character.
169610127	1	180000	titles	1	Add a title to your character.
169610155	1	180000	titles	1	Add a title to your character.
169610108	1	180000	titles	1	Add a title to your character.
169610327	1	180000	titles	1	Add a title to your character.
169610328	1	180000	titles	1	Add a title to your character.
169610097	1	180000	titles	1	Add a title to your character.
169610033	1	180000	titles	1	Add a title to your character.
169610135	1	180000	titles	1	Add a title to your character.
169610331	1	180000	titles	1	Add a title to your character.
169610156	1	180000	titles	1	Add a title to your character.
169610109	1	180000	titles	1	Add a title to your character.
169610335	1	180000	titles	1	Add a title to your character.
169610112	1	180000	titles	1	Add a title to your character.
169610312	1	180000	titles	1	Add a title to your character.
169610339	1	180000	titles	1	Add a title to your character.
169610134	1	180000	titles	1	Add a title to your character.
100000879	1	175000	weapon_skins	1	A distinctive look for your weapon.
102101002	1	175000	weapon_skins	50	A distinctive look for your weapon.
115000959	1	175000	weapon_skins	1	A distinctive look for your weapon.
101700719	1	175000	weapon_skins	1	A distinctive look for your weapon.
100201567	1	175000	weapon_skins	1	A distinctive look for your weapon.
102001279	1	175000	weapon_skins	1	A distinctive look for your weapon.
100900681	1	175000	weapon_skins	1	A distinctive look for your weapon.
100901446	1	175000	weapon_skins	1	A distinctive look for your weapon.
100201591	1	175000	weapon_skins	1	A distinctive look for your weapon.
115001835	1	175000	weapon_skins	1	A distinctive look for your weapon.
102101001	1	175000	weapon_skins	50	A distinctive look for your weapon.
101501411	1	175000	weapon_skins	1	A distinctive look for your weapon.
102101062	1	175000	weapon_skins	65	A distinctive look for your weapon.
101701427	1	175000	weapon_skins	1	A distinctive look for your weapon.
100501371	1	175000	weapon_skins	1	A distinctive look for your weapon.
115001866	1	175000	weapon_skins	1	A distinctive look for your weapon.
102101003	1	175000	weapon_skins	50	A distinctive look for your weapon.
101500695	1	175000	weapon_skins	1	A distinctive look for your weapon.
100001806	1	175000	weapon_skins	1	A distinctive look for your weapon.
100501359	1	175000	weapon_skins	1	A distinctive look for your weapon.
101300652	1	175000	weapon_skins	1	A distinctive look for your weapon.
101901105	1	175000	weapon_skins	65	A distinctive look for your weapon.
101701344	1	175000	weapon_skins	65	A distinctive look for your weapon.
102101038	1	175000	weapon_skins	65	A distinctive look for your weapon.
100201479	1	175000	weapon_skins	65	A distinctive look for your weapon.
102001222	1	175000	weapon_skins	65	A distinctive look for your weapon.
100101307	1	175000	weapon_skins	65	A distinctive look for your weapon.
100501293	1	175000	weapon_skins	65	A distinctive look for your weapon.
101801194	1	175000	weapon_skins	65	A distinctive look for your weapon.
101301245	1	175000	weapon_skins	65	A distinctive look for your weapon.
115001733	1	175000	weapon_skins	65	A distinctive look for your weapon.
101501336	1	175000	weapon_skins	65	A distinctive look for your weapon.
100001708	1	175000	weapon_skins	65	A distinctive look for your weapon.
100901342	1	175000	weapon_skins	65	A distinctive look for your weapon.
100200803	1	175000	weapon_skins	1	A distinctive look for your weapon.
100901428	1	175000	weapon_skins	1	A distinctive look for your weapon.
102101004	1	175000	weapon_skins	50	A distinctive look for your weapon.
101300817	1	175000	weapon_skins	1	A distinctive look for your weapon.
100101411	1	175000	weapon_skins	1	A distinctive look for your weapon.
101700892	1	175000	weapon_skins	1	A distinctive look for your weapon.
100100613	1	175000	weapon_skins	1	A distinctive look for your weapon.
102101096	1	175000	weapon_skins	1	A distinctive look for your weapon.
100500695	1	175000	weapon_skins	1	A distinctive look for your weapon.
100100853	1	175000	weapon_skins	1	A distinctive look for your weapon.
100200982	1	175000	weapon_skins	1	A distinctive look for your weapon.
101300991	1	175000	weapon_skins	1	A distinctive look for your weapon.
100101035	1	175000	weapon_skins	1	A distinctive look for your weapon.
100201205	1	175000	weapon_skins	1	A distinctive look for your weapon.
101501065	1	175000	weapon_skins	1	A distinctive look for your weapon.
101701074	1	175000	weapon_skins	1	A distinctive look for your weapon.
115001409	1	175000	weapon_skins	1	A distinctive look for your weapon.
100901049	1	175000	weapon_skins	1	A distinctive look for your weapon.
100501048	1	175000	weapon_skins	1	A distinctive look for your weapon.
100001357	1	175000	weapon_skins	1	A distinctive look for your weapon.
101501426	1	175000	weapon_skins	1	A distinctive look for your weapon.
115001186	1	175000	weapon_skins	1	A distinctive look for your weapon.
100900850	1	175000	weapon_skins	1	A distinctive look for your weapon.
100500867	1	175000	weapon_skins	1	A distinctive look for your weapon.
101701412	1	175000	weapon_skins	1	A distinctive look for your weapon.
100001114	1	175000	weapon_skins	1	A distinctive look for your weapon.
100001826	1	175000	weapon_skins	1	A distinctive look for your weapon.
101301332	1	175000	weapon_skins	1	A distinctive look for your weapon.
101801253	1	175000	weapon_skins	1	A distinctive look for your weapon.
102100899	1	175000	weapon_skins	1	A distinctive look for your weapon.
101301318	1	175000	weapon_skins	1	A distinctive look for your weapon.
101500876	1	175000	weapon_skins	1	A distinctive look for your weapon.
187050027	1	600000	wings	60	Take flight with a new pair of wings.
187050007	1	600000	wings	40	Take flight with a new pair of wings.
187060175	1	600000	wings	10	Take flight with a new pair of wings.
187060013	1	600000	wings	50	Take flight with a new pair of wings.
187060001	1	600000	wings	30	Take flight with a new pair of wings.
187060007	1	600000	wings	50	Take flight with a new pair of wings.
187050029	1	600000	wings	60	Take flight with a new pair of wings.
187060010	1	600000	wings	50	Take flight with a new pair of wings.
187060012	1	600000	wings	50	Take flight with a new pair of wings.
187060009	1	600000	wings	30	Take flight with a new pair of wings.
187060008	1	600000	wings	40	Take flight with a new pair of wings.
187060011	1	600000	wings	55	Take flight with a new pair of wings.
187060000	1	600000	wings	40	Take flight with a new pair of wings.
187060174	1	600000	wings	10	Take flight with a new pair of wings.
187050031	1	600000	wings	10	Take flight with a new pair of wings.
187050028	1	600000	wings	60	Take flight with a new pair of wings.
187050026	1	600000	wings	60	Take flight with a new pair of wings.
187050030	1	600000	wings	60	Take flight with a new pair of wings.
